,date,realtime_end,realtime_start,value
0,1969-12-01,2018-04-12,2018-04-12,39.8115
1,1970-01-01,2018-04-12,2018-04-12,39.0743
2,1970-02-01,2018-04-12,2018-04-12,39.0485
3,1970-03-01,2018-04-12,2018-04-12,38.9978
4,1970-04-01,2018-04-12,2018-04-12,38.8975
5,1970-05-01,2018-04-12,2018-04-12,38.8522
6,1970-06-01,2018-04-12,2018-04-12,38.7265
7,1970-07-01,2018-04-12,2018-04-12,38.8216
8,1970-08-01,2018-04-12,2018-04-12,38.7524
9,1970-09-01,2018-04-12,2018-04-12,38.4852
10,1970-10-01,2018-04-12,2018-04-12,37.7154
11,1970-11-01,2018-04-12,2018-04-12,37.487
12,1970-12-01,2018-04-12,2018-04-12,38.3479
13,1971-01-01,2018-04-12,2018-04-12,38.6429
14,1971-02-01,2018-04-12,2018-04-12,38.5692
15,1971-03-01,2018-04-12,2018-04-12,38.5274
16,1971-04-01,2018-04-12,2018-04-12,38.7438
17,1971-05-01,2018-04-12,2018-04-12,38.9404
18,1971-06-01,2018-04-12,2018-04-12,39.1037
19,1971-07-01,2018-04-12,2018-04-12,38.9902
20,1971-08-01,2018-04-12,2018-04-12,38.7639
21,1971-09-01,2018-04-12,2018-04-12,39.3939
22,1971-10-01,2018-04-12,2018-04-12,39.6888
23,1971-11-01,2018-04-12,2018-04-12,39.8572
24,1971-12-01,2018-04-12,2018-04-12,40.3174
25,1972-01-01,2018-04-12,2018-04-12,41.2866
26,1972-02-01,2018-04-12,2018-04-12,41.68
27,1972-03-01,2018-04-12,2018-04-12,41.9758
28,1972-04-01,2018-04-12,2018-04-12,42.4207
29,1972-05-01,2018-04-12,2018-04-12,42.3956
30,1972-06-01,2018-04-12,2018-04-12,42.5178
31,1972-07-01,2018-04-12,2018-04-12,42.5004
32,1972-08-01,2018-04-12,2018-04-12,43.0644
33,1972-09-01,2018-04-12,2018-04-12,43.3948
34,1972-10-01,2018-04-12,2018-04-12,43.9709
35,1972-11-01,2018-04-12,2018-04-12,44.4866
36,1972-12-01,2018-04-12,2018-04-12,45.0
37,1973-01-01,2018-04-12,2018-04-12,45.2914
38,1973-02-01,2018-04-12,2018-04-12,45.9647
39,1973-03-01,2018-04-12,2018-04-12,45.9868
40,1973-04-01,2018-04-12,2018-04-12,45.9274
41,1973-05-01,2018-04-12,2018-04-12,46.2184
42,1973-06-01,2018-04-12,2018-04-12,46.2516
43,1973-07-01,2018-04-12,2018-04-12,46.4427
44,1973-08-01,2018-04-12,2018-04-12,46.3634
45,1973-09-01,2018-04-12,2018-04-12,46.7782
46,1973-10-01,2018-04-12,2018-04-12,47.0944
47,1973-11-01,2018-04-12,2018-04-12,47.3422
48,1973-12-01,2018-04-12,2018-04-12,47.2312
49,1974-01-01,2018-04-12,2018-04-12,46.9002
50,1974-02-01,2018-04-12,2018-04-12,46.7547
51,1974-03-01,2018-04-12,2018-04-12,46.768
52,1974-04-01,2018-04-12,2018-04-12,46.6012
53,1974-05-01,2018-04-12,2018-04-12,46.9779
54,1974-06-01,2018-04-12,2018-04-12,46.9246
55,1974-07-01,2018-04-12,2018-04-12,46.9465
56,1974-08-01,2018-04-12,2018-04-12,46.4902
57,1974-09-01,2018-04-12,2018-04-12,46.5124
58,1974-10-01,2018-04-12,2018-04-12,46.3395
59,1974-11-01,2018-04-12,2018-04-12,44.8159
60,1974-12-01,2018-04-12,2018-04-12,43.2364
61,1975-01-01,2018-04-12,2018-04-12,42.6437
62,1975-02-01,2018-04-12,2018-04-12,41.6572
63,1975-03-01,2018-04-12,2018-04-12,41.213
64,1975-04-01,2018-04-12,2018-04-12,41.2483
65,1975-05-01,2018-04-12,2018-04-12,41.154
66,1975-06-01,2018-04-12,2018-04-12,41.4216
67,1975-07-01,2018-04-12,2018-04-12,41.8198
68,1975-08-01,2018-04-12,2018-04-12,42.2548
69,1975-09-01,2018-04-12,2018-04-12,42.7754
70,1975-10-01,2018-04-12,2018-04-12,42.97
71,1975-11-01,2018-04-12,2018-04-12,43.0627
72,1975-12-01,2018-04-12,2018-04-12,43.5959
73,1976-01-01,2018-04-12,2018-04-12,44.2338
74,1976-02-01,2018-04-12,2018-04-12,44.6687
75,1976-03-01,2018-04-12,2018-04-12,44.7103
76,1976-04-01,2018-04-12,2018-04-12,44.9525
77,1976-05-01,2018-04-12,2018-04-12,45.1731
78,1976-06-01,2018-04-12,2018-04-12,45.1831
79,1976-07-01,2018-04-12,2018-04-12,45.4519
80,1976-08-01,2018-04-12,2018-04-12,45.7737
81,1976-09-01,2018-04-12,2018-04-12,45.9055
82,1976-10-01,2018-04-12,2018-04-12,45.922
83,1976-11-01,2018-04-12,2018-04-12,46.6016
84,1976-12-01,2018-04-12,2018-04-12,47.0857
85,1977-01-01,2018-04-12,2018-04-12,46.8261
86,1977-02-01,2018-04-12,2018-04-12,47.5387
87,1977-03-01,2018-04-12,2018-04-12,48.1302
88,1977-04-01,2018-04-12,2018-04-12,48.578
89,1977-05-01,2018-04-12,2018-04-12,48.9881
90,1977-06-01,2018-04-12,2018-04-12,49.3428
91,1977-07-01,2018-04-12,2018-04-12,49.4131
92,1977-08-01,2018-04-12,2018-04-12,49.4274
93,1977-09-01,2018-04-12,2018-04-12,49.6665
94,1977-10-01,2018-04-12,2018-04-12,49.7589
95,1977-11-01,2018-04-12,2018-04-12,49.8149
96,1977-12-01,2018-04-12,2018-04-12,49.8936
97,1978-01-01,2018-04-12,2018-04-12,49.2047
98,1978-02-01,2018-04-12,2018-04-12,49.4519
99,1978-03-01,2018-04-12,2018-04-12,50.392
100,1978-04-01,2018-04-12,2018-04-12,51.4438
101,1978-05-01,2018-04-12,2018-04-12,51.6239
102,1978-06-01,2018-04-12,2018-04-12,51.9809
103,1978-07-01,2018-04-12,2018-04-12,51.9572
104,1978-08-01,2018-04-12,2018-04-12,52.1531
105,1978-09-01,2018-04-12,2018-04-12,52.2862
106,1978-10-01,2018-04-12,2018-04-12,52.7031
107,1978-11-01,2018-04-12,2018-04-12,53.1001
108,1978-12-01,2018-04-12,2018-04-12,53.3889
109,1979-01-01,2018-04-12,2018-04-12,53.0435
110,1979-02-01,2018-04-12,2018-04-12,53.3331
111,1979-03-01,2018-04-12,2018-04-12,53.4972
112,1979-04-01,2018-04-12,2018-04-12,52.8947
113,1979-05-01,2018-04-12,2018-04-12,53.3176
114,1979-06-01,2018-04-12,2018-04-12,53.3158
115,1979-07-01,2018-04-12,2018-04-12,53.2432
116,1979-08-01,2018-04-12,2018-04-12,52.8891
117,1979-09-01,2018-04-12,2018-04-12,52.9468
118,1979-10-01,2018-04-12,2018-04-12,53.2382
119,1979-11-01,2018-04-12,2018-04-12,53.1886
120,1979-12-01,2018-04-12,2018-04-12,53.2612
121,1980-01-01,2018-04-12,2018-04-12,53.5021
122,1980-02-01,2018-04-12,2018-04-12,53.5079
123,1980-03-01,2018-04-12,2018-04-12,53.3284
124,1980-04-01,2018-04-12,2018-04-12,52.2375
125,1980-05-01,2018-04-12,2018-04-12,50.9676
126,1980-06-01,2018-04-12,2018-04-12,50.3335
127,1980-07-01,2018-04-12,2018-04-12,49.9417
128,1980-08-01,2018-04-12,2018-04-12,50.1226
129,1980-09-01,2018-04-12,2018-04-12,50.9338
130,1980-10-01,2018-04-12,2018-04-12,51.5801
131,1980-11-01,2018-04-12,2018-04-12,52.4731
132,1980-12-01,2018-04-12,2018-04-12,52.7676
133,1981-01-01,2018-04-12,2018-04-12,52.4688
134,1981-02-01,2018-04-12,2018-04-12,52.2219
135,1981-03-01,2018-04-12,2018-04-12,52.5009
136,1981-04-01,2018-04-12,2018-04-12,52.2665
137,1981-05-01,2018-04-12,2018-04-12,52.5783
138,1981-06-01,2018-04-12,2018-04-12,52.8272
139,1981-07-01,2018-04-12,2018-04-12,53.1722
140,1981-08-01,2018-04-12,2018-04-12,53.1672
141,1981-09-01,2018-04-12,2018-04-12,52.8548
142,1981-10-01,2018-04-12,2018-04-12,52.4951
143,1981-11-01,2018-04-12,2018-04-12,51.8972
144,1981-12-01,2018-04-12,2018-04-12,51.3277
145,1982-01-01,2018-04-12,2018-04-12,50.3077
146,1982-02-01,2018-04-12,2018-04-12,51.2996
147,1982-03-01,2018-04-12,2018-04-12,50.9105
148,1982-04-01,2018-04-12,2018-04-12,50.459
149,1982-05-01,2018-04-12,2018-04-12,50.1366
150,1982-06-01,2018-04-12,2018-04-12,49.969
151,1982-07-01,2018-04-12,2018-04-12,49.8127
152,1982-08-01,2018-04-12,2018-04-12,49.378
153,1982-09-01,2018-04-12,2018-04-12,49.2276
154,1982-10-01,2018-04-12,2018-04-12,48.785
155,1982-11-01,2018-04-12,2018-04-12,48.5953
156,1982-12-01,2018-04-12,2018-04-12,48.2401
157,1983-01-01,2018-04-12,2018-04-12,49.1748
158,1983-02-01,2018-04-12,2018-04-12,48.8671
159,1983-03-01,2018-04-12,2018-04-12,49.2655
160,1983-04-01,2018-04-12,2018-04-12,49.8681
161,1983-05-01,2018-04-12,2018-04-12,50.207
162,1983-06-01,2018-04-12,2018-04-12,50.508
163,1983-07-01,2018-04-12,2018-04-12,51.274
164,1983-08-01,2018-04-12,2018-04-12,51.8458
165,1983-09-01,2018-04-12,2018-04-12,52.6317
166,1983-10-01,2018-04-12,2018-04-12,53.0647
167,1983-11-01,2018-04-12,2018-04-12,53.2564
168,1983-12-01,2018-04-12,2018-04-12,53.5313
169,1984-01-01,2018-04-12,2018-04-12,54.5975
170,1984-02-01,2018-04-12,2018-04-12,54.8377
171,1984-03-01,2018-04-12,2018-04-12,55.1047
172,1984-04-01,2018-04-12,2018-04-12,55.4593
173,1984-05-01,2018-04-12,2018-04-12,55.7123
174,1984-06-01,2018-04-12,2018-04-12,55.9079
175,1984-07-01,2018-04-12,2018-04-12,56.0852
176,1984-08-01,2018-04-12,2018-04-12,56.1353
177,1984-09-01,2018-04-12,2018-04-12,56.034
178,1984-10-01,2018-04-12,2018-04-12,55.9427
179,1984-11-01,2018-04-12,2018-04-12,56.1631
180,1984-12-01,2018-04-12,2018-04-12,56.2299
181,1985-01-01,2018-04-12,2018-04-12,56.1365
182,1985-02-01,2018-04-12,2018-04-12,56.3356
183,1985-03-01,2018-04-12,2018-04-12,56.4232
184,1985-04-01,2018-04-12,2018-04-12,56.2716
185,1985-05-01,2018-04-12,2018-04-12,56.3525
186,1985-06-01,2018-04-12,2018-04-12,56.3903
187,1985-07-01,2018-04-12,2018-04-12,56.0242
188,1985-08-01,2018-04-12,2018-04-12,56.2533
189,1985-09-01,2018-04-12,2018-04-12,56.4939
190,1985-10-01,2018-04-12,2018-04-12,56.261
191,1985-11-01,2018-04-12,2018-04-12,56.4503
192,1985-12-01,2018-04-12,2018-04-12,57.0454
193,1986-01-01,2018-04-12,2018-04-12,57.3112
194,1986-02-01,2018-04-12,2018-04-12,56.9304
195,1986-03-01,2018-04-12,2018-04-12,56.5414
196,1986-04-01,2018-04-12,2018-04-12,56.5654
197,1986-05-01,2018-04-12,2018-04-12,56.685
198,1986-06-01,2018-04-12,2018-04-12,56.4959
199,1986-07-01,2018-04-12,2018-04-12,56.8096
200,1986-08-01,2018-04-12,2018-04-12,56.7348
201,1986-09-01,2018-04-12,2018-04-12,56.8483
202,1986-10-01,2018-04-12,2018-04-12,57.1179
203,1986-11-01,2018-04-12,2018-04-12,57.3826
204,1986-12-01,2018-04-12,2018-04-12,57.8627
205,1987-01-01,2018-04-12,2018-04-12,57.6873
206,1987-02-01,2018-04-12,2018-04-12,58.4361
207,1987-03-01,2018-04-12,2018-04-12,58.5202
208,1987-04-01,2018-04-12,2018-04-12,58.8852
209,1987-05-01,2018-04-12,2018-04-12,59.2656
210,1987-06-01,2018-04-12,2018-04-12,59.5423
211,1987-07-01,2018-04-12,2018-04-12,59.956
212,1987-08-01,2018-04-12,2018-04-12,60.4517
213,1987-09-01,2018-04-12,2018-04-12,60.6087
214,1987-10-01,2018-04-12,2018-04-12,61.4886
215,1987-11-01,2018-04-12,2018-04-12,61.8151
216,1987-12-01,2018-04-12,2018-04-12,62.1113
217,1988-01-01,2018-04-12,2018-04-12,62.1393
218,1988-02-01,2018-04-12,2018-04-12,62.41
219,1988-03-01,2018-04-12,2018-04-12,62.5464
220,1988-04-01,2018-04-12,2018-04-12,62.8992
221,1988-05-01,2018-04-12,2018-04-12,62.8182
222,1988-06-01,2018-04-12,2018-04-12,62.9776
223,1988-07-01,2018-04-12,2018-04-12,63.004
224,1988-08-01,2018-04-12,2018-04-12,63.2781
225,1988-09-01,2018-04-12,2018-04-12,63.108
226,1988-10-01,2018-04-12,2018-04-12,63.4145
227,1988-11-01,2018-04-12,2018-04-12,63.5171
228,1988-12-01,2018-04-12,2018-04-12,63.8207
229,1989-01-01,2018-04-12,2018-04-12,64.0114
230,1989-02-01,2018-04-12,2018-04-12,63.7241
231,1989-03-01,2018-04-12,2018-04-12,63.8694
232,1989-04-01,2018-04-12,2018-04-12,63.9217
233,1989-05-01,2018-04-12,2018-04-12,63.4806
234,1989-06-01,2018-04-12,2018-04-12,63.5122
235,1989-07-01,2018-04-12,2018-04-12,62.9479
236,1989-08-01,2018-04-12,2018-04-12,63.5199
237,1989-09-01,2018-04-12,2018-04-12,63.2966
238,1989-10-01,2018-04-12,2018-04-12,63.2481
239,1989-11-01,2018-04-12,2018-04-12,63.4576
240,1989-12-01,2018-04-12,2018-04-12,63.8477
241,1990-01-01,2018-04-12,2018-04-12,63.4171
242,1990-02-01,2018-04-12,2018-04-12,64.0517
243,1990-03-01,2018-04-12,2018-04-12,64.3607
244,1990-04-01,2018-04-12,2018-04-12,64.2562
245,1990-05-01,2018-04-12,2018-04-12,64.3971
246,1990-06-01,2018-04-12,2018-04-12,64.6064
247,1990-07-01,2018-04-12,2018-04-12,64.5289
248,1990-08-01,2018-04-12,2018-04-12,64.7258
249,1990-09-01,2018-04-12,2018-04-12,64.8148
250,1990-10-01,2018-04-12,2018-04-12,64.3264
251,1990-11-01,2018-04-12,2018-04-12,63.5713
252,1990-12-01,2018-04-12,2018-04-12,63.1589
253,1991-01-01,2018-04-12,2018-04-12,62.8801
254,1991-02-01,2018-04-12,2018-04-12,62.452
255,1991-03-01,2018-04-12,2018-04-12,62.12
256,1991-04-01,2018-04-12,2018-04-12,62.25
257,1991-05-01,2018-04-12,2018-04-12,62.8714
258,1991-06-01,2018-04-12,2018-04-12,63.4441
259,1991-07-01,2018-04-12,2018-04-12,63.5106
260,1991-08-01,2018-04-12,2018-04-12,63.5623
261,1991-09-01,2018-04-12,2018-04-12,64.1234
262,1991-10-01,2018-04-12,2018-04-12,64.0179
263,1991-11-01,2018-04-12,2018-04-12,63.9427
264,1991-12-01,2018-04-12,2018-04-12,63.6923
265,1992-01-01,2018-04-12,2018-04-12,63.3372
266,1992-02-01,2018-04-12,2018-04-12,63.7864
267,1992-03-01,2018-04-12,2018-04-12,64.3199
268,1992-04-01,2018-04-12,2018-04-12,64.8069
269,1992-05-01,2018-04-12,2018-04-12,65.0202
270,1992-06-01,2018-04-12,2018-04-12,65.0309
271,1992-07-01,2018-04-12,2018-04-12,65.6155
272,1992-08-01,2018-04-12,2018-04-12,65.2948
273,1992-09-01,2018-04-12,2018-04-12,65.4461
274,1992-10-01,2018-04-12,2018-04-12,65.9387
275,1992-11-01,2018-04-12,2018-04-12,66.2219
276,1992-12-01,2018-04-12,2018-04-12,66.2778
277,1993-01-01,2018-04-12,2018-04-12,66.565
278,1993-02-01,2018-04-12,2018-04-12,66.8562
279,1993-03-01,2018-04-12,2018-04-12,66.7661
280,1993-04-01,2018-04-12,2018-04-12,66.9976
281,1993-05-01,2018-04-12,2018-04-12,66.7645
282,1993-06-01,2018-04-12,2018-04-12,66.8782
283,1993-07-01,2018-04-12,2018-04-12,67.0843
284,1993-08-01,2018-04-12,2018-04-12,67.0144
285,1993-09-01,2018-04-12,2018-04-12,67.3337
286,1993-10-01,2018-04-12,2018-04-12,67.8513
287,1993-11-01,2018-04-12,2018-04-12,68.1384
288,1993-12-01,2018-04-12,2018-04-12,68.5029
289,1994-01-01,2018-04-12,2018-04-12,68.7602
290,1994-02-01,2018-04-12,2018-04-12,68.7808
291,1994-03-01,2018-04-12,2018-04-12,69.4762
292,1994-04-01,2018-04-12,2018-04-12,69.8715
293,1994-05-01,2018-04-12,2018-04-12,70.2259
294,1994-06-01,2018-04-12,2018-04-12,70.6759
295,1994-07-01,2018-04-12,2018-04-12,70.7851
296,1994-08-01,2018-04-12,2018-04-12,71.2069
297,1994-09-01,2018-04-12,2018-04-12,71.4768
298,1994-10-01,2018-04-12,2018-04-12,72.0827
299,1994-11-01,2018-04-12,2018-04-12,72.5328
300,1994-12-01,2018-04-12,2018-04-12,73.2862
301,1995-01-01,2018-04-12,2018-04-12,73.4173
302,1995-02-01,2018-04-12,2018-04-12,73.3112
303,1995-03-01,2018-04-12,2018-04-12,73.4086
304,1995-04-01,2018-04-12,2018-04-12,73.3603
305,1995-05-01,2018-04-12,2018-04-12,73.6079
306,1995-06-01,2018-04-12,2018-04-12,73.8595
307,1995-07-01,2018-04-12,2018-04-12,73.5675
308,1995-08-01,2018-04-12,2018-04-12,74.4969
309,1995-09-01,2018-04-12,2018-04-12,74.7941
310,1995-10-01,2018-04-12,2018-04-12,74.7015
311,1995-11-01,2018-04-12,2018-04-12,74.8864
312,1995-12-01,2018-04-12,2018-04-12,75.1739
313,1996-01-01,2018-04-12,2018-04-12,74.6833
314,1996-02-01,2018-04-12,2018-04-12,75.8433
315,1996-03-01,2018-04-12,2018-04-12,75.7631
316,1996-04-01,2018-04-12,2018-04-12,76.4596
317,1996-05-01,2018-04-12,2018-04-12,77.0169
318,1996-06-01,2018-04-12,2018-04-12,77.6676
319,1996-07-01,2018-04-12,2018-04-12,77.5653
320,1996-08-01,2018-04-12,2018-04-12,78.0121
321,1996-09-01,2018-04-12,2018-04-12,78.5488
322,1996-10-01,2018-04-12,2018-04-12,78.506
323,1996-11-01,2018-04-12,2018-04-12,79.1955
324,1996-12-01,2018-04-12,2018-04-12,79.7144
325,1997-01-01,2018-04-12,2018-04-12,79.8239
326,1997-02-01,2018-04-12,2018-04-12,80.7816
327,1997-03-01,2018-04-12,2018-04-12,81.3388
328,1997-04-01,2018-04-12,2018-04-12,81.3611
329,1997-05-01,2018-04-12,2018-04-12,81.8326
330,1997-06-01,2018-04-12,2018-04-12,82.2309
331,1997-07-01,2018-04-12,2018-04-12,82.85
332,1997-08-01,2018-04-12,2018-04-12,83.7172
333,1997-09-01,2018-04-12,2018-04-12,84.4629
334,1997-10-01,2018-04-12,2018-04-12,85.1968
335,1997-11-01,2018-04-12,2018-04-12,85.9458
336,1997-12-01,2018-04-12,2018-04-12,86.2054
337,1998-01-01,2018-04-12,2018-04-12,86.6558
338,1998-02-01,2018-04-12,2018-04-12,86.7556
339,1998-03-01,2018-04-12,2018-04-12,86.8196
340,1998-04-01,2018-04-12,2018-04-12,87.1345
341,1998-05-01,2018-04-12,2018-04-12,87.6936
342,1998-06-01,2018-04-12,2018-04-12,87.1421
343,1998-07-01,2018-04-12,2018-04-12,86.8414
344,1998-08-01,2018-04-12,2018-04-12,88.6266
345,1998-09-01,2018-04-12,2018-04-12,88.4562
346,1998-10-01,2018-04-12,2018-04-12,89.1686
347,1998-11-01,2018-04-12,2018-04-12,89.1127
348,1998-12-01,2018-04-12,2018-04-12,89.4388
349,1999-01-01,2018-04-12,2018-04-12,89.8617
350,1999-02-01,2018-04-12,2018-04-12,90.3253
351,1999-03-01,2018-04-12,2018-04-12,90.4709
352,1999-04-01,2018-04-12,2018-04-12,90.7285
353,1999-05-01,2018-04-12,2018-04-12,91.3499
354,1999-06-01,2018-04-12,2018-04-12,91.199
355,1999-07-01,2018-04-12,2018-04-12,91.7767
356,1999-08-01,2018-04-12,2018-04-12,92.1675
357,1999-09-01,2018-04-12,2018-04-12,91.7812
358,1999-10-01,2018-04-12,2018-04-12,92.9976
359,1999-11-01,2018-04-12,2018-04-12,93.444
360,1999-12-01,2018-04-12,2018-04-12,94.1555
361,2000-01-01,2018-04-12,2018-04-12,94.1717
362,2000-02-01,2018-04-12,2018-04-12,94.4329
363,2000-03-01,2018-04-12,2018-04-12,94.7926
364,2000-04-01,2018-04-12,2018-04-12,95.4898
365,2000-05-01,2018-04-12,2018-04-12,95.6421
366,2000-06-01,2018-04-12,2018-04-12,95.7364
367,2000-07-01,2018-04-12,2018-04-12,95.5982
368,2000-08-01,2018-04-12,2018-04-12,95.3172
369,2000-09-01,2018-04-12,2018-04-12,95.6844
370,2000-10-01,2018-04-12,2018-04-12,95.3974
371,2000-11-01,2018-04-12,2018-04-12,95.4158
372,2000-12-01,2018-04-12,2018-04-12,95.1619
373,2001-01-01,2018-04-12,2018-04-12,94.5502
374,2001-02-01,2018-04-12,2018-04-12,93.9755
375,2001-03-01,2018-04-12,2018-04-12,93.7253
376,2001-04-01,2018-04-12,2018-04-12,93.4567
377,2001-05-01,2018-04-12,2018-04-12,92.8842
378,2001-06-01,2018-04-12,2018-04-12,92.3317
379,2001-07-01,2018-04-12,2018-04-12,91.8098
380,2001-08-01,2018-04-12,2018-04-12,91.6849
381,2001-09-01,2018-04-12,2018-04-12,91.3345
382,2001-10-01,2018-04-12,2018-04-12,90.9389
383,2001-11-01,2018-04-12,2018-04-12,90.4853
384,2001-12-01,2018-04-12,2018-04-12,90.515
385,2002-01-01,2018-04-12,2018-04-12,91.0881
386,2002-02-01,2018-04-12,2018-04-12,91.0698
387,2002-03-01,2018-04-12,2018-04-12,91.8012
388,2002-04-01,2018-04-12,2018-04-12,92.1815
389,2002-05-01,2018-04-12,2018-04-12,92.5668
390,2002-06-01,2018-04-12,2018-04-12,93.4503
391,2002-07-01,2018-04-12,2018-04-12,93.2282
392,2002-08-01,2018-04-12,2018-04-12,93.227
393,2002-09-01,2018-04-12,2018-04-12,93.3597
394,2002-10-01,2018-04-12,2018-04-12,93.0804
395,2002-11-01,2018-04-12,2018-04-12,93.5589
396,2002-12-01,2018-04-12,2018-04-12,93.1088
397,2003-01-01,2018-04-12,2018-04-12,93.6494
398,2003-02-01,2018-04-12,2018-04-12,93.9475
399,2003-03-01,2018-04-12,2018-04-12,93.735
400,2003-04-01,2018-04-12,2018-04-12,93.0815
401,2003-05-01,2018-04-12,2018-04-12,93.1002
402,2003-06-01,2018-04-12,2018-04-12,93.2544
403,2003-07-01,2018-04-12,2018-04-12,93.6579
404,2003-08-01,2018-04-12,2018-04-12,93.5162
405,2003-09-01,2018-04-12,2018-04-12,94.0695
406,2003-10-01,2018-04-12,2018-04-12,94.2091
407,2003-11-01,2018-04-12,2018-04-12,94.937
408,2003-12-01,2018-04-12,2018-04-12,94.8627
409,2004-01-01,2018-04-12,2018-04-12,95.1113
410,2004-02-01,2018-04-12,2018-04-12,95.6793
411,2004-03-01,2018-04-12,2018-04-12,95.2063
412,2004-04-01,2018-04-12,2018-04-12,95.6346
413,2004-05-01,2018-04-12,2018-04-12,96.3952
414,2004-06-01,2018-04-12,2018-04-12,95.6045
415,2004-07-01,2018-04-12,2018-04-12,96.3379
416,2004-08-01,2018-04-12,2018-04-12,96.4107
417,2004-09-01,2018-04-12,2018-04-12,96.4943
418,2004-10-01,2018-04-12,2018-04-12,97.4107
419,2004-11-01,2018-04-12,2018-04-12,97.6207
420,2004-12-01,2018-04-12,2018-04-12,98.3284
421,2005-01-01,2018-04-12,2018-04-12,98.7904
422,2005-02-01,2018-04-12,2018-04-12,99.455
423,2005-03-01,2018-04-12,2018-04-12,99.3156
424,2005-04-01,2018-04-12,2018-04-12,99.4648
425,2005-05-01,2018-04-12,2018-04-12,99.597
426,2005-06-01,2018-04-12,2018-04-12,99.9838
427,2005-07-01,2018-04-12,2018-04-12,99.6737
428,2005-08-01,2018-04-12,2018-04-12,99.9451
429,2005-09-01,2018-04-12,2018-04-12,98.0824
430,2005-10-01,2018-04-12,2018-04-12,99.3185
431,2005-11-01,2018-04-12,2018-04-12,100.3282
432,2005-12-01,2018-04-12,2018-04-12,100.9458
433,2006-01-01,2018-04-12,2018-04-12,101.0637
434,2006-02-01,2018-04-12,2018-04-12,101.0761
435,2006-03-01,2018-04-12,2018-04-12,101.2742
436,2006-04-01,2018-04-12,2018-04-12,101.6854
437,2006-05-01,2018-04-12,2018-04-12,101.5801
438,2006-06-01,2018-04-12,2018-04-12,101.9746
439,2006-07-01,2018-04-12,2018-04-12,101.9374
440,2006-08-01,2018-04-12,2018-04-12,102.3309
441,2006-09-01,2018-04-12,2018-04-12,102.1204
442,2006-10-01,2018-04-12,2018-04-12,102.0653
443,2006-11-01,2018-04-12,2018-04-12,101.9538
444,2006-12-01,2018-04-12,2018-04-12,103.026
445,2007-01-01,2018-04-12,2018-04-12,102.4915
446,2007-02-01,2018-04-12,2018-04-12,103.5443
447,2007-03-01,2018-04-12,2018-04-12,103.7537
448,2007-04-01,2018-04-12,2018-04-12,104.5018
449,2007-05-01,2018-04-12,2018-04-12,104.5419
450,2007-06-01,2018-04-12,2018-04-12,104.5669
451,2007-07-01,2018-04-12,2018-04-12,104.5217
452,2007-08-01,2018-04-12,2018-04-12,104.7387
453,2007-09-01,2018-04-12,2018-04-12,105.1499
454,2007-10-01,2018-04-12,2018-04-12,104.7167
455,2007-11-01,2018-04-12,2018-04-12,105.3037
456,2007-12-01,2018-04-12,2018-04-12,105.353
457,2008-01-01,2018-04-12,2018-04-12,105.073
458,2008-02-01,2018-04-12,2018-04-12,104.7137
459,2008-03-01,2018-04-12,2018-04-12,104.4635
460,2008-04-01,2018-04-12,2018-04-12,103.6727
461,2008-05-01,2018-04-12,2018-04-12,103.085
462,2008-06-01,2018-04-12,2018-04-12,102.8361
463,2008-07-01,2018-04-12,2018-04-12,102.2939
464,2008-08-01,2018-04-12,2018-04-12,100.7209
465,2008-09-01,2018-04-12,2018-04-12,96.3567
466,2008-10-01,2018-04-12,2018-04-12,97.2844
467,2008-11-01,2018-04-12,2018-04-12,96.0552
468,2008-12-01,2018-04-12,2018-04-12,93.252
469,2009-01-01,2018-04-12,2018-04-12,91.0332
470,2009-02-01,2018-04-12,2018-04-12,90.4375
471,2009-03-01,2018-04-12,2018-04-12,89.0085
472,2009-04-01,2018-04-12,2018-04-12,88.2959
473,2009-05-01,2018-04-12,2018-04-12,87.4078
474,2009-06-01,2018-04-12,2018-04-12,87.0694
475,2009-07-01,2018-04-12,2018-04-12,88.0285
476,2009-08-01,2018-04-12,2018-04-12,89.0244
477,2009-09-01,2018-04-12,2018-04-12,89.6975
478,2009-10-01,2018-04-12,2018-04-12,89.9906
479,2009-11-01,2018-04-12,2018-04-12,90.3515
480,2009-12-01,2018-04-12,2018-04-12,90.6212
481,2010-01-01,2018-04-12,2018-04-12,91.6849
482,2010-02-01,2018-04-12,2018-04-12,92.0073
483,2010-03-01,2018-04-12,2018-04-12,92.6104
484,2010-04-01,2018-04-12,2018-04-12,92.96
485,2010-05-01,2018-04-12,2018-04-12,94.2988
486,2010-06-01,2018-04-12,2018-04-12,94.4319
487,2010-07-01,2018-04-12,2018-04-12,94.836
488,2010-08-01,2018-04-12,2018-04-12,95.1423
489,2010-09-01,2018-04-12,2018-04-12,95.35
490,2010-10-01,2018-04-12,2018-04-12,95.0991
491,2010-11-01,2018-04-12,2018-04-12,95.1376
492,2010-12-01,2018-04-12,2018-04-12,96.0339
493,2011-01-01,2018-04-12,2018-04-12,95.9363
494,2011-02-01,2018-04-12,2018-04-12,95.5147
495,2011-03-01,2018-04-12,2018-04-12,96.4651
496,2011-04-01,2018-04-12,2018-04-12,96.1325
497,2011-05-01,2018-04-12,2018-04-12,96.3347
498,2011-06-01,2018-04-12,2018-04-12,96.5889
499,2011-07-01,2018-04-12,2018-04-12,97.1011
500,2011-08-01,2018-04-12,2018-04-12,97.6642
501,2011-09-01,2018-04-12,2018-04-12,97.6132
502,2011-10-01,2018-04-12,2018-04-12,98.2931
503,2011-11-01,2018-04-12,2018-04-12,98.2325
504,2011-12-01,2018-04-12,2018-04-12,98.7699
505,2012-01-01,2018-04-12,2018-04-12,99.3672
506,2012-02-01,2018-04-12,2018-04-12,99.6443
507,2012-03-01,2018-04-12,2018-04-12,99.1594
508,2012-04-01,2018-04-12,2018-04-12,99.9173
509,2012-05-01,2018-04-12,2018-04-12,100.0956
510,2012-06-01,2018-04-12,2018-04-12,100.0478
511,2012-07-01,2018-04-12,2018-04-12,100.3144
512,2012-08-01,2018-04-12,2018-04-12,99.9036
513,2012-09-01,2018-04-12,2018-04-12,99.8944
514,2012-10-01,2018-04-12,2018-04-12,100.1192
515,2012-11-01,2018-04-12,2018-04-12,100.61
516,2012-12-01,2018-04-12,2018-04-12,100.9267
517,2013-01-01,2018-04-12,2018-04-12,100.8779
518,2013-02-01,2018-04-12,2018-04-12,101.4265
519,2013-03-01,2018-04-12,2018-04-12,101.8186
520,2013-04-01,2018-04-12,2018-04-12,101.695
521,2013-05-01,2018-04-12,2018-04-12,101.7517
522,2013-06-01,2018-04-12,2018-04-12,101.9486
523,2013-07-01,2018-04-12,2018-04-12,101.446
524,2013-08-01,2018-04-12,2018-04-12,102.1758
525,2013-09-01,2018-04-12,2018-04-12,102.6774
526,2013-10-01,2018-04-12,2018-04-12,102.5438
527,2013-11-01,2018-04-12,2018-04-12,102.8625
528,2013-12-01,2018-04-12,2018-04-12,103.1747
529,2014-01-01,2018-04-12,2018-04-12,102.7053
530,2014-02-01,2018-04-12,2018-04-12,103.6016
531,2014-03-01,2018-04-12,2018-04-12,104.5893
532,2014-04-01,2018-04-12,2018-04-12,104.7423
533,2014-05-01,2018-04-12,2018-04-12,105.0571
534,2014-06-01,2018-04-12,2018-04-12,105.4084
535,2014-07-01,2018-04-12,2018-04-12,105.5609
536,2014-08-01,2018-04-12,2018-04-12,105.4797
537,2014-09-01,2018-04-12,2018-04-12,105.7908
538,2014-10-01,2018-04-12,2018-04-12,105.8154
539,2014-11-01,2018-04-12,2018-04-12,106.663
540,2014-12-01,2018-04-12,2018-04-12,106.5032
541,2015-01-01,2018-04-12,2018-04-12,105.8772
542,2015-02-01,2018-04-12,2018-04-12,105.4193
543,2015-03-01,2018-04-12,2018-04-12,105.0856
544,2015-04-01,2018-04-12,2018-04-12,104.5604
545,2015-05-01,2018-04-12,2018-04-12,104.0675
546,2015-06-01,2018-04-12,2018-04-12,103.6891
547,2015-07-01,2018-04-12,2018-04-12,104.2443
548,2015-08-01,2018-04-12,2018-04-12,104.1318
549,2015-09-01,2018-04-12,2018-04-12,103.7281
550,2015-10-01,2018-04-12,2018-04-12,103.3569
551,2015-11-01,2018-04-12,2018-04-12,102.7323
552,2015-12-01,2018-04-12,2018-04-12,102.2696
553,2016-01-01,2018-04-12,2018-04-12,103.0314
554,2016-02-01,2018-04-12,2018-04-12,102.3429
555,2016-03-01,2018-04-12,2018-04-12,101.5415
556,2016-04-01,2018-04-12,2018-04-12,101.7479
557,2016-05-01,2018-04-12,2018-04-12,101.6011
558,2016-06-01,2018-04-12,2018-04-12,101.9476
559,2016-07-01,2018-04-12,2018-04-12,102.1435
560,2016-08-01,2018-04-12,2018-04-12,102.0654
561,2016-09-01,2018-04-12,2018-04-12,101.9304
562,2016-10-01,2018-04-12,2018-04-12,102.0557
563,2016-11-01,2018-04-12,2018-04-12,101.8293
564,2016-12-01,2018-04-12,2018-04-12,102.7877
565,2017-01-01,2018-04-12,2018-04-12,102.5393
566,2017-02-01,2018-04-12,2018-04-12,102.1574
567,2017-03-01,2018-04-12,2018-04-12,102.7236
568,2017-04-01,2018-04-12,2018-04-12,103.7148
569,2017-05-01,2018-04-12,2018-04-12,103.7121
570,2017-06-01,2018-04-12,2018-04-12,103.771
571,2017-07-01,2018-04-12,2018-04-12,103.6206
572,2017-08-01,2018-04-12,2018-04-12,103.1956
573,2017-09-01,2018-04-12,2018-04-12,103.176
574,2017-10-01,2018-04-12,2018-04-12,104.787
575,2017-11-01,2018-04-12,2018-04-12,105.2726
576,2017-12-01,2018-04-12,2018-04-12,105.7214
577,2018-01-01,2018-04-12,2018-04-12,105.5132
578,2018-02-01,2018-04-12,2018-04-12,106.5109
